Producer,Track Name,Time,URL,Jacket URL
LeaF,neo tinnitus,4 months ago,https://soundcloud.com/leaf-7/neo-tinnitus,https://i1.sndcdn.com/artworks-yn7MtTzQdWT6tkdw-DGMaEw-t200x200.jpg
LeaF,からすうさぎ,7 months ago,https://soundcloud.com/leaf-7/ze4rglpypqod,https://i1.sndcdn.com/artworks-FRdbnuBoxptD4dzN-EqeavQ-t200x200.jpg
LeaF,命日,1 year ago,https://soundcloud.com/leaf-7/90sjag8gwk39,https://i1.sndcdn.com/artworks-9dwqNYrg16Skd73x-PzGYbw-t200x200.jpg
LeaF,Verlesq,1 year ago,https://soundcloud.com/leaf-7/verlesq,https://i1.sndcdn.com/artworks-dBDEG18dowbIWaT3-1mg3vA-t200x200.jpg
LeaF,Queen Aluett -女王アルエット-,1 year ago,https://soundcloud.com/leaf-7/queen-aluett,https://i1.sndcdn.com/artworks-L39tzyJhjqd0Hend-xzbMvg-t200x200.jpg
LeaF,Agilion,2 years ago,https://soundcloud.com/leaf-7/agilion,https://i1.sndcdn.com/artworks-8pPveJ53YNoEiMQK-YlVEcw-t200x200.jpg
LeaF,彁,3 years ago,https://soundcloud.com/leaf-7/dgzjay4fbuid,https://i1.sndcdn.com/artworks-swtqHynYyZTnyTNa-SH729g-t200x200.jpg
LeaF,YURUSHITE (LeaF Remix)【t+pazolite - YURUSHITE】【©SEGA】,3 years ago,https://soundcloud.com/leaf-7/yurushite-leaf-remix,https://i1.sndcdn.com/artworks-kZqyZelGarAVzZ7T-teIzNw-t200x200.jpg
LeaF,MARENOL 1mg (MARENOL prototype 2018 ver),3 years ago,https://soundcloud.com/leaf-7/marenol-1mg-marenol-prototype-2018-ver,https://i1.sndcdn.com/artworks-O8n5Qjs5M3mvS8iJ-r1QyCg-t200x200.jpg
LeaF,Armageddon,4 years ago,https://soundcloud.com/leaf-7/armageddon,https://i1.sndcdn.com/artworks-zp03W5pTU9qk20gQ-he5GPg-t200x200.jpg
LeaF,Heavensdoor【©Arcaea】,4 years ago,https://soundcloud.com/leaf-7/heavensdoor,https://i1.sndcdn.com/artworks-000569722901-5dj281-t200x200.jpg
LeaF,MARENOL,5 years ago,https://soundcloud.com/leaf-7/marenol,https://i1.sndcdn.com/artworks-000437958924-oyzoxc-t200x200.jpg
LeaF,Qual,5 years ago,https://soundcloud.com/leaf-7/qual,https://i1.sndcdn.com/artworks-000431038206-15n4ml-t200x200.jpg
LeaF,【1st solo Album】Doppelganger【Crossfade Demo 2018/08/10】,5 years ago,https://soundcloud.com/leaf-7/1st-solo-albumdoppelgangercrossfade-demo,https://i1.sndcdn.com/artworks-000377627850-m78hoh-t200x200.jpg
LeaF,もぺもぺ,6 years ago,https://soundcloud.com/leaf-7/xkuuri7qoczi,https://i1.sndcdn.com/artworks-000246257363-d4uk2e-t200x200.jpg
LeaF,Lyrith -迷宮リリス-,6 years ago,https://soundcloud.com/leaf-7/lyrith,https://i1.sndcdn.com/artworks-000246257415-gox2qd-t200x200.jpg
LeaF,Alice in misanthrope -厭世アリス-,7 years ago,https://soundcloud.com/leaf-7/alice-in-misanthrope,https://i1.sndcdn.com/artworks-000186284073-v8z5e4-t200x200.jpg
LeaF,ℵ0(Aleph-0),7 years ago,https://soundcloud.com/leaf-7/0a-1,https://i1.sndcdn.com/artworks-000186283915-up0la7-t200x200.jpg
LeaF,ATHAZA,7 years ago,https://soundcloud.com/leaf-7/athaza,https://i1.sndcdn.com/artworks-000223111844-wsiiw5-t200x200.jpg
LeaF,On The Floor -Baltimore Club Mix-,8 years ago,https://soundcloud.com/leaf-7/on-the-floor-baltimore-club-mix,https://i1.sndcdn.com/artworks-000148012276-g13aay-t200x200.jpg
LeaF,狂喜蘭舞,8 years ago,https://soundcloud.com/leaf-7/czbj5vb5h1rx,https://i1.sndcdn.com/artworks-000139897754-rkpjwx-t200x200.jpg
LeaF,LeaF-Style Super〆Shredder 3,8 years ago,https://soundcloud.com/leaf-7/leaf-style-supershredder-3,https://i1.sndcdn.com/artworks-000133455272-kw0pyw-t200x200.jpg
LeaF,Wizdomiot,8 years ago,https://soundcloud.com/leaf-7/wizdomiot,https://i1.sndcdn.com/artworks-000120827570-dhas6g-t200x200.jpg
LeaF,メルヘニア -malchenia-,9 years ago,https://soundcloud.com/leaf-7/malchenia,https://i1.sndcdn.com/artworks-000118687898-5i16kn-t200x200.jpg
LeaF,UR+ MusicEater LV99,9 years ago,https://soundcloud.com/leaf-7/ur-musiceater-lv99,https://i1.sndcdn.com/artworks-000119446869-mgibs2-t200x200.jpg
LeaF,Poison AND÷OR Affection,9 years ago,https://soundcloud.com/leaf-7/poison-andor-affection,https://i1.sndcdn.com/artworks-000094368083-8e5lz7-t200x200.jpg
LeaF,Evanescent,10 years ago,https://soundcloud.com/leaf-7/evanescent,https://i1.sndcdn.com/artworks-000077737940-l857u5-t200x200.jpg
LeaF,NANO DEATH!!!!!,10 years ago,https://soundcloud.com/leaf-7/nano-death,https://i1.sndcdn.com/artworks-000061454850-hbywk7-t200x200.jpg
LeaF,Doppelganger,10 years ago,https://soundcloud.com/leaf-7/doppelganger,https://i1.sndcdn.com/artworks-000058448405-9000zc-t200x200.jpg
LeaF,Heterochromia Iridis,11 years ago,https://soundcloud.com/leaf-7/heterochromia-iridis,https://i1.sndcdn.com/artworks-000048420337-ugxiqt-t200x200.jpg
LeaF,Calamity Fortune,11 years ago,https://soundcloud.com/leaf-7/calamity-fortune,https://i1.sndcdn.com/artworks-000043724466-uc0ps2-t200x200.jpg
LeaF,MEPHISTO,11 years ago,https://soundcloud.com/leaf-7/mephisto,https://i1.sndcdn.com/artworks-000031232705-4aigvc-t200x200.jpg
LeaF,I,12 years ago,https://soundcloud.com/leaf-7/i,https://i1.sndcdn.com/artworks-000026421575-78c0pu-t200x200.jpg
LeaF,Mere Fancy,12 years ago,https://soundcloud.com/leaf-7/mere-fancy,https://i1.sndcdn.com/avatars-000317860615-du54wi-t200x200.jpg
